Date,Open,High,Low,Close,Adj Close,Volume
2022-10-21,192.25,202.5,192.25,199.75,197.81002807617188,390478
2022-10-24,204.0,224.0,204.0,213.89999389648438,211.8225860595703,445262
2022-10-25,216.0,224.5500030517578,214.85000610351562,222.89999389648438,220.7351837158203,375704
2022-10-27,222.0,239.9499969482422,218.85000610351562,236.0,233.7079620361328,1461209
2022-10-28,236.85000610351562,241.0,231.10000610351562,236.89999389648438,234.59921264648438,535201
2022-10-31,236.0,239.35000610351562,234.1999969482422,235.14999389648438,232.8662109375,198050
2022-11-01,235.60000610351562,246.0,234.35000610351562,244.85000610351562,242.47203063964844,328112
2022-11-02,244.14999389648438,260.3500061035156,242.35000610351562,253.5500030517578,251.08750915527344,1495677
2022-11-03,250.0,250.0,224.3000030517578,229.60000610351562,227.3701171875,1215853
2022-11-04,230.14999389648438,235.5500030517578,228.0500030517578,229.8000030517578,227.56817626953125,240019
2022-11-07,231.0,244.35000610351562,231.0,241.5500030517578,239.20407104492188,472894
2022-11-09,245.9499969482422,247.0,231.6999969482422,235.6999969482422,233.41087341308594,774994
2022-11-10,228.0,229.0,221.4499969482422,222.25,220.0915069580078,322014
2022-11-11,227.9499969482422,228.0,221.39999389648438,224.60000610351562,222.41868591308594,149710
2022-11-14,224.3000030517578,230.25,224.25,228.25,226.03321838378906,162023
2022-11-15,229.0,230.25,225.35000610351562,226.39999389648438,224.20120239257812,85204
2022-11-16,226.6999969482422,228.0,222.5,225.3000030517578,223.11187744140625,169994
2022-11-17,222.25,222.60000610351562,215.6999969482422,218.4499969482422,216.32839965820312,161110
2022-11-18,218.5,221.4499969482422,217.1999969482422,219.89999389648438,217.76431274414062,109965
2022-11-21,221.25,224.8000030517578,216.14999389648438,216.9499969482422,214.84298706054688,247047
2022-11-22,217.89999389648438,220.0,217.25,219.1999969482422,217.0711212158203,52125
2022-11-23,219.3000030517578,221.0,216.0,216.4499969482422,214.34783935546875,75379
2022-11-24,216.5500030517578,217.9499969482422,214.1999969482422,215.0,212.91192626953125,67956
2022-11-25,216.9499969482422,236.5,215.1999969482422,234.5500030517578,232.2720489501953,486448
2022-11-28,235.0500030517578,241.6999969482422,231.89999389648438,233.4499969482422,231.18272399902344,255217
2022-11-29,233.4499969482422,234.75,226.60000610351562,227.5500030517578,225.3400421142578,221154
2022-11-30,228.89999389648438,237.85000610351562,228.1999969482422,235.0500030517578,232.76719665527344,447771
2022-12-01,236.1999969482422,239.5,233.35000610351562,234.6999969482422,232.42059326171875,101843
2022-12-02,234.10000610351562,236.5500030517578,231.85000610351562,232.64999389648438,230.39048767089844,137278
2022-12-05,233.0500030517578,233.64999389648438,227.75,230.4499969482422,228.2118682861328,63350
2022-12-06,231.10000610351562,234.5500030517578,229.4499969482422,232.0500030517578,229.79632568359375,78849
2022-12-07,232.0500030517578,232.25,226.60000610351562,227.4499969482422,225.24099731445312,113983
2022-12-08,227.0500030517578,228.35000610351562,226.10000610351562,226.5500030517578,224.34974670410156,74030
2022-12-09,227.0500030517578,228.4499969482422,220.1999969482422,221.89999389648438,219.74488830566406,89594
2022-12-12,222.0,224.8000030517578,218.25,221.3000030517578,219.15072631835938,96063
2022-12-13,224.9499969482422,227.75,223.0,223.75,221.57693481445312,152564
2022-12-14,225.5,226.0,222.39999389648438,223.35000610351562,221.18081665039062,49726
2022-12-15,224.0,225.3000030517578,222.0,222.3000030517578,220.14102172851562,147957
2022-12-16,221.5500030517578,223.8000030517578,217.5,218.89999389648438,216.77403259277344,69597
2022-12-19,220.0,221.10000610351562,217.5,218.5500030517578,216.4274444580078,69027
2022-12-20,218.0,218.35000610351562,214.0500030517578,215.8000030517578,213.7041473388672,116278
2022-12-21,217.0,217.9499969482422,206.5500030517578,208.0,205.97988891601562,186324
2022-12-22,208.5,210.0,201.0500030517578,203.5500030517578,201.5731201171875,174972
2022-12-23,198.9499969482422,200.3000030517578,190.64999389648438,192.5,190.63043212890625,160186
2022-12-26,192.8000030517578,204.3000030517578,192.0,201.85000610351562,199.88963317871094,305140
2022-12-27,205.0,209.85000610351562,205.0,208.60000610351562,206.57408142089844,217885
2022-12-28,207.0500030517578,209.0,206.25,207.39999389648438,205.38571166992188,117921
2022-12-29,207.0,207.0,201.89999389648438,205.10000610351562,203.10806274414062,73213
2022-12-30,207.5,209.89999389648438,203.60000610351562,205.60000610351562,203.60321044921875,51381
2023-01-02,207.10000610351562,212.60000610351562,207.10000610351562,210.10000610351562,208.05950927734375,88582
2023-01-03,212.0,212.8000030517578,209.5500030517578,212.25,210.18861389160156,48313
2023-01-04,212.25,212.4499969482422,207.6999969482422,208.14999389648438,206.12843322753906,59498
2023-01-05,210.0,211.39999389648438,204.39999389648438,207.35000610351562,205.33621215820312,78696
2023-01-06,207.5,210.6999969482422,204.5,205.1999969482422,203.20709228515625,59155
2023-01-09,206.10000610351562,210.4499969482422,206.10000610351562,209.64999389648438,207.61386108398438,111526
2023-01-10,212.35000610351562,223.0,212.35000610351562,217.3000030517578,215.1895751953125,685581
2023-01-11,217.35000610351562,221.4499969482422,217.35000610351562,219.8000030517578,217.66529846191406,121033
2023-01-12,221.75,221.75,213.64999389648438,215.35000610351562,213.25851440429688,130107
2023-01-13,214.14999389648438,215.35000610351562,210.35000610351562,214.0500030517578,211.9711456298828,100874
2023-01-16,215.9499969482422,215.9499969482422,212.0,214.10000610351562,212.02066040039062,56210
2023-01-17,213.85000610351562,217.4499969482422,212.3000030517578,213.0500030517578,210.98085021972656,145523
2023-01-18,212.75,214.10000610351562,211.85000610351562,212.0500030517578,209.99057006835938,31891
2023-01-19,212.85000610351562,214.25,209.6999969482422,211.89999389648438,209.84202575683594,111583
2023-01-20,213.0,216.14999389648438,210.8000030517578,211.89999389648438,209.84202575683594,103303
2023-01-23,212.14999389648438,213.9499969482422,211.35000610351562,211.8000030517578,209.7429962158203,66848
2023-01-24,212.8000030517578,218.75,212.14999389648438,217.3000030517578,215.1895751953125,98610
2023-01-25,219.25,220.0,212.3000030517578,215.5,213.4070587158203,93131
2023-01-27,225.5500030517578,232.1999969482422,221.14999389648438,225.0,222.81478881835938,893129
2023-01-30,224.0,227.4499969482422,220.5,223.25,221.081787109375,100239
2023-01-31,224.9499969482422,232.5,222.3000030517578,230.35000610351562,228.1128387451172,158315
2023-02-01,231.5500030517578,233.5,221.3000030517578,224.89999389648438,222.71575927734375,162270
2023-02-02,226.85000610351562,227.0,222.25,225.85000610351562,223.6565399169922,119075
2023-02-03,228.0,228.3000030517578,222.0,224.39999389648438,222.22061157226562,96751
2023-02-06,222.64999389648438,225.9499969482422,218.0,224.89999389648438,222.71575927734375,170031
2023-02-07,224.89999389648438,224.89999389648438,220.1999969482422,221.60000610351562,219.44781494140625,76407
2023-02-08,221.60000610351562,223.0,220.10000610351562,221.89999389648438,219.74488830566406,65651
2023-02-09,221.5,223.35000610351562,220.4499969482422,221.3000030517578,219.15072631835938,65067
2023-02-10,221.3000030517578,225.9499969482422,219.8000030517578,224.3000030517578,222.12159729003906,83792
2023-02-13,224.60000610351562,226.0,221.8000030517578,222.0500030517578,219.89344787597656,57570
2023-02-14,223.39999389648438,224.6999969482422,220.3000030517578,221.9499969482422,219.79441833496094,172635
2023-02-15,222.0,224.60000610351562,221.25,223.89999389648438,221.72547912597656,61198
2023-02-16,224.25,226.0,221.0500030517578,221.60000610351562,219.44781494140625,69322
2023-02-17,221.0,223.6999969482422,220.39999389648438,221.3000030517578,219.15072631835938,55614
2023-02-20,220.0500030517578,223.5500030517578,220.0500030517578,221.5500030517578,219.39830017089844,53045
2023-02-21,224.39999389648438,224.39999389648438,219.0500030517578,220.0,217.8633575439453,57063
2023-02-22,220.0,220.0,215.0,216.5500030517578,214.44686889648438,324197
2023-02-23,217.9499969482422,223.1999969482422,215.35000610351562,222.25,220.0915069580078,85400
2023-02-24,222.14999389648438,222.9499969482422,217.8000030517578,222.1999969482422,220.04197692871094,116630
2023-02-27,220.4499969482422,221.75,213.35000610351562,217.4499969482422,215.33810424804688,68892
2023-02-28,214.60000610351562,221.85000610351562,214.60000610351562,220.10000610351562,217.96238708496094,45287
2023-03-01,218.85000610351562,223.85000610351562,218.85000610351562,221.5,219.34878540039062,112927
2023-03-02,221.10000610351562,221.35000610351562,217.0500030517578,217.4499969482422,215.33810424804688,217272
2023-03-03,217.5,220.9499969482422,217.5,219.35000610351562,217.2196807861328,165652
2023-03-06,220.10000610351562,223.10000610351562,220.10000610351562,222.0500030517578,219.89344787597656,213330
2023-03-08,222.1999969482422,224.5,221.0,222.64999389648438,220.48760986328125,72942
2023-03-09,222.64999389648438,224.3000030517578,219.3000030517578,219.75,217.61578369140625,105373
2023-03-10,219.8000030517578,222.14999389648438,219.5500030517578,221.0500030517578,218.9031524658203,161941
2023-03-13,222.0,222.4499969482422,214.5500030517578,215.14999389648438,213.06045532226562,141772
2023-03-14,215.60000610351562,216.3000030517578,211.0500030517578,211.39999389648438,209.3468780517578,115897
2023-03-15,214.0,215.0,207.35000610351562,208.3000030517578,206.27699279785156,55624
2023-03-16,207.0500030517578,213.35000610351562,204.6999969482422,212.5,210.4362030029297,184653
2023-03-17,213.3000030517578,216.0,210.8000030517578,212.9499969482422,210.88182067871094,107025
2023-03-20,209.3000030517578,212.6999969482422,208.5,211.0500030517578,209.0002899169922,127146
2023-03-21,212.60000610351562,212.60000610351562,209.75,210.3000030517578,208.25755310058594,60667
2023-03-22,213.85000610351562,215.25,211.75,212.8000030517578,210.73329162597656,59361
2023-03-23,212.14999389648438,215.5,211.9499969482422,212.25,210.18861389160156,72916
2023-03-24,212.6999969482422,213.39999389648438,210.0,210.5,208.4556121826172,70999
2023-03-27,210.5,211.64999389648438,207.0500030517578,207.64999389648438,205.63330078125,64714
2023-03-28,208.64999389648438,208.6999969482422,202.0500030517578,202.6999969482422,200.7313690185547,125535
2023-03-29,202.0500030517578,206.4499969482422,202.0500030517578,204.0,202.0187530517578,201190
2023-03-31,205.3000030517578,210.1999969482422,205.3000030517578,208.64999389648438,206.6235809326172,113134
2023-04-03,209.5500030517578,212.85000610351562,209.5500030517578,212.39999389648438,210.337158203125,75258
2023-04-05,212.5500030517578,213.8000030517578,210.0500030517578,210.4499969482422,208.40609741210938,77646
2023-04-06,210.3000030517578,219.14999389648438,210.0500030517578,217.10000610351562,214.9915313720703,114264
2023-04-10,224.0500030517578,235.4499969482422,223.64999389648438,229.39999389648438,227.17205810546875,422181
2023-04-11,230.6999969482422,231.5500030517578,227.14999389648438,229.0500030517578,226.82545471191406,110279
2023-04-12,229.0,233.89999389648438,228.8000030517578,232.60000610351562,230.3409881591797,187855
2023-04-13,232.25,238.25,231.89999389648438,235.35000610351562,233.0642852783203,316574
2023-04-17,235.0,240.6999969482422,234.5,239.3000030517578,236.97592163085938,159329
2023-04-18,239.4499969482422,244.4499969482422,238.10000610351562,241.3000030517578,238.95648193359375,173766
2023-04-19,240.39999389648438,242.39999389648438,239.39999389648438,241.0500030517578,238.70892333984375,123536
2023-04-20,242.5,250.5,241.5,247.39999389648438,244.9972381591797,409089
2023-04-21,247.39999389648438,248.6999969482422,242.10000610351562,244.4499969482422,242.07589721679688,155453
2023-04-24,243.35000610351562,246.60000610351562,243.10000610351562,245.9499969482422,243.5613250732422,154691
2023-04-25,246.35000610351562,246.35000610351562,242.1999969482422,243.10000610351562,240.739013671875,60205
2023-04-26,242.25,246.39999389648438,242.25,245.60000610351562,243.21473693847656,103756
2023-04-27,245.64999389648438,247.4499969482422,244.4499969482422,245.6999969482422,243.31375122070312,76254
2023-04-28,246.0,249.0,245.25,248.39999389648438,245.98753356933594,103140
2023-05-02,248.0,248.0,243.6999969482422,244.75,242.37298583984375,84979
2023-05-03,243.35000610351562,247.10000610351562,243.35000610351562,245.89999389648438,243.51181030273438,74279
2023-05-04,243.5500030517578,246.85000610351562,241.75,242.35000610351562,239.9962921142578,80214
2023-05-05,244.85000610351562,249.9499969482422,243.64999389648438,246.6999969482422,244.3040313720703,202199
2023-05-08,247.14999389648438,262.8999938964844,245.60000610351562,258.8500061035156,256.3360595703125,748814
2023-05-09,260.0,267.20001220703125,258.5,259.3999938964844,256.88067626953125,476615
2023-05-10,260.0,264.0,258.6499938964844,262.29998779296875,259.75250244140625,124051
2023-05-11,263.54998779296875,265.95001220703125,262.1499938964844,264.3500061035156,261.7826232910156,169985
2023-05-12,265.1000061035156,272.3999938964844,260.20001220703125,262.29998779296875,259.75250244140625,347374
2023-05-15,269.75,274.70001220703125,267.20001220703125,271.70001220703125,269.061279296875,331434
2023-05-16,272.1499938964844,277.95001220703125,265.0,268.1000061035156,265.4962158203125,226582
2023-05-17,268.8999938964844,269.0,262.5,263.75,261.1884460449219,225875
2023-05-18,264.20001220703125,270.8999938964844,264.20001220703125,267.8500061035156,265.2486267089844,150851
2023-05-19,268.0,275.75,262.29998779296875,274.45001220703125,271.7845458984375,315344
2023-05-22,274.29998779296875,276.8500061035156,268.04998779296875,271.04998779296875,268.4175720214844,163766
2023-05-23,272.25,275.04998779296875,270.45001220703125,273.8500061035156,271.19036865234375,122077
2023-05-24,274.0,275.25,270.5,272.95001220703125,270.29913330078125,78171
2023-05-25,270.20001220703125,270.29998779296875,263.70001220703125,267.6499938964844,265.0505676269531,209272
2023-05-26,267.25,269.04998779296875,266.0,267.0,264.4068908691406,115589
2023-05-29,268.29998779296875,270.25,265.5,266.45001220703125,263.86224365234375,92724
2023-05-30,266.5,270.0,266.45001220703125,269.6499938964844,267.0311584472656,63177
2023-05-31,269.04998779296875,272.95001220703125,267.45001220703125,271.6499938964844,269.01171875,78608
2023-06-01,271.1499938964844,281.0,271.1499938964844,279.8500061035156,277.1321105957031,190189
2023-06-02,281.0,283.79998779296875,278.54998779296875,282.1000061035156,279.3602600097656,264806
2023-06-05,283.3500061035156,290.79998779296875,283.29998779296875,286.6000061035156,283.8165588378906,352919
2023-06-06,289.6000061035156,291.1000061035156,287.1000061035156,290.75,287.9262390136719,121837
2023-06-07,292.3500061035156,298.3500061035156,289.0,294.8500061035156,291.9864196777344,216643
2023-06-08,297.6499938964844,299.3500061035156,288.0,288.54998779296875,285.7475891113281,158847
2023-06-09,290.0,294.3999938964844,288.5,293.5,290.6495361328125,95392
2023-06-12,293.6000061035156,301.70001220703125,293.6000061035156,299.3999938964844,296.4922180175781,114844
2023-06-13,300.04998779296875,310.0,300.04998779296875,309.0,305.99896240234375,230221
2023-06-14,309.25,323.6499938964844,309.25,321.3999938964844,318.2785339355469,250953
2023-06-15,320.79998779296875,325.0,317.04998779296875,318.95001220703125,315.85235595703125,324211
2023-06-16,320.0,321.95001220703125,314.45001220703125,320.70001220703125,317.5853576660156,121775
2023-06-19,320.75,323.3500061035156,310.04998779296875,311.0,307.97955322265625,259029
2023-06-20,312.5,322.29998779296875,305.29998779296875,316.1000061035156,313.030029296875,231969
2023-06-21,315.54998779296875,318.70001220703125,311.04998779296875,311.8999938964844,308.87078857421875,213841
2023-06-22,313.95001220703125,317.20001220703125,306.04998779296875,307.6499938964844,304.6620788574219,195378
2023-06-23,308.6499938964844,308.6499938964844,295.6499938964844,296.8999938964844,294.0164794921875,151900
2023-06-26,296.8999938964844,302.0,294.20001220703125,300.6499938964844,297.7300720214844,154816
2023-06-27,301.1499938964844,307.3999938964844,301.1499938964844,305.5,302.5329895019531,98714
2023-06-28,309.3500061035156,315.8500061035156,307.75,309.95001220703125,306.93975830078125,239047
2023-06-30,312.75,314.8999938964844,309.0,312.0,308.9698486328125,241869
2023-07-03,314.0,316.1000061035156,306.04998779296875,307.3999938964844,304.4145202636719,151819
2023-07-04,309.0,313.5,306.1000061035156,306.70001220703125,303.7213134765625,105391
2023-07-05,307.70001220703125,311.70001220703125,307.1000061035156,310.45001220703125,307.4349060058594,98238
2023-07-06,306.54998779296875,315.95001220703125,306.54998779296875,313.95001220703125,310.9009094238281,107968
2023-07-07,314.5,326.8999938964844,309.75,324.6000061035156,321.4474792480469,219499
2023-07-10,330.0,334.0,323.70001220703125,326.5,323.32904052734375,470135
2023-07-11,328.0,340.0,327.54998779296875,338.29998779296875,335.014404296875,224814
2023-07-12,338.54998779296875,344.8999938964844,335.0,336.5,333.2319030761719,404370
2023-07-13,337.0,342.54998779296875,332.54998779296875,337.1000061035156,333.8260803222656,160370
2023-07-14,337.3500061035156,341.0,334.0,336.79998779296875,333.5289611816406,168534
2023-07-17,336.8500061035156,341.95001220703125,334.79998779296875,340.20001220703125,336.89599609375,123550
2023-07-18,341.95001220703125,341.95001220703125,334.1499938964844,339.8999938964844,336.598876953125,200492
2023-07-19,340.1000061035156,346.95001220703125,338.95001220703125,344.75,341.40179443359375,199235
2023-07-20,345.25,347.8999938964844,343.0,346.29998779296875,342.93670654296875,111326
2023-07-21,345.95001220703125,353.8999938964844,342.6499938964844,351.04998779296875,347.64056396484375,272674
2023-07-24,351.6499938964844,359.45001220703125,351.0,357.75,354.2755126953125,134085
2023-07-25,359.54998779296875,382.8999938964844,359.54998779296875,373.1000061035156,369.4764404296875,293781
2023-07-26,439.0,440.0,417.3999938964844,419.45001220703125,415.3763122558594,2219183
2023-07-27,425.6499938964844,426.79998779296875,414.20001220703125,420.0,415.92095947265625,574649
2023-07-28,421.8999938964844,421.8999938964844,410.29998779296875,413.45001220703125,411.4920349121094,409035
2023-07-31,416.25,419.79998779296875,411.79998779296875,413.8999938964844,411.93988037109375,284390
2023-08-01,415.8999938964844,423.25,414.20001220703125,414.79998779296875,412.8356018066406,179067
2023-08-02,419.95001220703125,419.95001220703125,395.25,401.6499938964844,399.7478942871094,273503
2023-08-03,400.79998779296875,404.3500061035156,397.95001220703125,402.6000061035156,400.69342041015625,310194
2023-08-04,407.95001220703125,407.95001220703125,399.95001220703125,401.75,399.8474426269531,134688
2023-08-07,402.25,404.0,398.3500061035156,398.70001220703125,396.8118896484375,94165
2023-08-08,400.0,401.20001220703125,393.6000061035156,394.54998779296875,392.6815185546875,88401
2023-08-09,394.6000061035156,405.70001220703125,394.6000061035156,403.95001220703125,402.0370178222656,148344
2023-08-10,404.1499938964844,409.95001220703125,400.1000061035156,404.6000061035156,402.6839294433594,156500
2023-08-11,405.04998779296875,411.0,400.0,400.8500061035156,398.9516906738281,132859
2023-08-14,403.3500061035156,404.1499938964844,393.0,401.0,399.1009826660156,119576
2023-08-16,399.1499938964844,405.95001220703125,397.3500061035156,403.8500061035156,401.9375,133972
2023-08-17,404.04998779296875,406.95001220703125,400.0,400.6000061035156,398.702880859375,106968
2023-08-18,400.04998779296875,403.8999938964844,399.0,400.3999938964844,398.5038146972656,108029
2023-08-21,399.04998779296875,404.8500061035156,399.04998779296875,401.1000061035156,399.20050048828125,138748
2023-08-22,401.1499938964844,405.70001220703125,401.1499938964844,403.1499938964844,401.24078369140625,159448
2023-08-23,405.0,406.1000061035156,398.1000061035156,403.1000061035156,401.1910400390625,78501
2023-08-24,401.6499938964844,407.3999938964844,401.6499938964844,402.8999938964844,400.9919738769531,69186
2023-08-25,401.1499938964844,406.29998779296875,393.3500061035156,396.95001220703125,395.0701599121094,114421
2023-08-28,397.29998779296875,404.5,397.29998779296875,399.8500061035156,397.9564208984375,65543
2023-08-29,398.20001220703125,405.5,398.20001220703125,403.6000061035156,401.68865966796875,78113
2023-08-30,404.04998779296875,407.5,402.8500061035156,403.25,401.34033203125,111192
2023-08-31,403.29998779296875,409.8999938964844,396.75,399.5,397.60809326171875,68578
2023-09-01,402.75,408.20001220703125,400.70001220703125,405.8999938964844,403.977783203125,169106
2023-09-04,406.04998779296875,409.3999938964844,403.95001220703125,404.8999938964844,402.9825134277344,72052
2023-09-05,405.25,408.75,402.54998779296875,404.8999938964844,402.9825134277344,89770
2023-09-06,404.95001220703125,408.1000061035156,404.0,407.1499938964844,405.22186279296875,69228
2023-09-07,407.45001220703125,414.0,406.70001220703125,412.3999938964844,410.4469909667969,93413
2023-09-08,414.1000061035156,427.0,412.54998779296875,424.79998779296875,422.78826904296875,452468
2023-09-11,430.29998779296875,432.8500061035156,426.1499938964844,430.79998779296875,428.7598571777344,268887
2023-09-12,433.29998779296875,434.54998779296875,416.0,421.3500061035156,419.3546142578125,299492
2023-09-13,422.1000061035156,427.6499938964844,420.20001220703125,424.6000061035156,422.5892333984375,91834
2023-09-14,428.8999938964844,431.20001220703125,426.45001220703125,429.8500061035156,427.8143615722656,85972
2023-09-15,432.0,443.8500061035156,426.1000061035156,428.6499938964844,426.6200256347656,172224
2023-09-18,433.79998779296875,435.6000061035156,427.0,429.25,427.2171936035156,90735
2023-09-20,430.25,439.1499938964844,429.5,430.1499938964844,428.1129150390625,129901
2023-09-21,428.1000061035156,433.3999938964844,419.3999938964844,421.1499938964844,419.1555480957031,104172
2023-09-22,428.0,428.0,415.3999938964844,416.8999938964844,414.9256896972656,87927
2023-09-25,419.1000061035156,421.0,416.6000061035156,417.3500061035156,415.3735656738281,63399
2023-09-26,422.0,422.0,415.0,416.8999938964844,414.9256896972656,56075
2023-09-27,417.04998779296875,421.5,414.5,419.6000061035156,417.6129150390625,103298
2023-09-28,424.6499938964844,424.6499938964844,417.79998779296875,418.70001220703125,416.7171630859375,58030
2023-09-29,422.79998779296875,432.6499938964844,421.5,428.0,425.9731140136719,111859
2023-10-03,431.79998779296875,431.79998779296875,420.75,421.75,419.7527160644531,105063
2023-10-04,420.79998779296875,420.79998779296875,410.0,413.1499938964844,411.1934509277344,88153
2023-10-05,415.6499938964844,418.0,411.70001220703125,413.8500061035156,411.89013671875,51886
2023-10-06,419.0,420.20001220703125,416.25,418.04998779296875,416.0702209472656,98797
2023-10-09,416.75,416.75,408.29998779296875,409.3500061035156,407.41143798828125,87639
2023-10-10,409.04998779296875,419.8999938964844,409.04998779296875,417.54998779296875,415.5726013183594,106230
2023-10-11,424.0,424.79998779296875,419.75,422.20001220703125,420.2005920410156,70203
2023-10-12,425.75,426.5,423.70001220703125,425.5,423.4849548339844,55186
2023-10-13,424.70001220703125,443.25,422.79998779296875,442.0,439.9068298339844,231943
2023-10-16,445.95001220703125,448.54998779296875,435.0,440.3999938964844,438.31439208984375,296693
2023-10-17,444.3500061035156,444.3999938964844,435.1000061035156,435.6000061035156,433.5371398925781,43836
2023-10-18,437.70001220703125,448.20001220703125,435.6000061035156,443.6000061035156,441.4992370605469,155248
2023-10-19,440.0,444.79998779296875,436.8500061035156,441.8500061035156,439.7575378417969,56534
2023-10-20,440.3999938964844,449.0,438.70001220703125,439.6499938964844,437.56793212890625,77630
2023-10-23,440.70001220703125,443.75,424.54998779296875,425.8500061035156,423.83331298828125,67290
2023-10-25,428.0,432.29998779296875,417.0,418.70001220703125,416.7171630859375,61357
2023-10-26,419.0,419.0,410.0,413.1499938964844,411.1934509277344,111232
2023-10-27,415.70001220703125,427.95001220703125,415.70001220703125,423.3999938964844,421.3948974609375,74966
2023-10-30,424.3999938964844,425.3999938964844,412.45001220703125,418.79998779296875,416.8166809082031,67393
2023-10-31,427.25,427.8500061035156,418.8999938964844,419.8500061035156,417.8617248535156,55341
2023-11-01,422.0,425.45001220703125,418.29998779296875,423.1000061035156,421.0963134765625,180480
2023-11-02,426.95001220703125,433.45001220703125,424.20001220703125,432.04998779296875,430.0039367675781,160319
2023-11-03,449.20001220703125,449.6499938964844,439.75,440.6499938964844,438.5632019042969,125832
2023-11-06,443.54998779296875,445.0,434.0,434.6000061035156,432.5418701171875,58891
2023-11-07,435.70001220703125,439.20001220703125,432.3999938964844,433.1499938964844,431.0987243652344,57056
2023-11-08,434.04998779296875,438.6000061035156,434.04998779296875,435.8500061035156,433.78594970703125,42584
2023-11-09,438.6499938964844,448.45001220703125,436.6499938964844,445.04998779296875,442.9423522949219,192140
2023-11-10,443.6499938964844,447.0,439.29998779296875,443.45001220703125,441.3499755859375,146174
2023-11-13,445.8999938964844,448.0,443.04998779296875,443.79998779296875,441.6982727050781,65916
2023-11-15,450.04998779296875,454.25,448.6499938964844,453.8999938964844,451.7504577636719,126610
2023-11-16,455.04998779296875,464.8999938964844,455.04998779296875,458.6000061035156,456.42822265625,295485
2023-11-17,460.45001220703125,466.8999938964844,458.6000061035156,462.6499938964844,460.4590148925781,123786
2023-11-20,466.95001220703125,466.95001220703125,455.29998779296875,458.0,455.8310546875,81352
2023-11-21,461.1000061035156,462.3999938964844,456.45001220703125,461.0,458.81683349609375,138560
2023-11-22,464.79998779296875,466.04998779296875,456.25,460.6000061035156,458.4187316894531,135806
2023-11-23,462.25,463.5,458.5,461.20001220703125,459.0158996582031,76715
2023-11-24,464.95001220703125,464.95001220703125,457.04998779296875,457.8500061035156,455.6817626953125,51298
2023-11-28,461.0,471.6000061035156,459.3500061035156,469.3500061035156,467.1272888183594,164521
2023-11-29,479.8999938964844,482.8500061035156,470.20001220703125,479.8500061035156,477.57757568359375,122927
2023-11-30,488.54998779296875,489.04998779296875,470.5,478.5,476.2339782714844,371733
2023-12-01,481.0,483.1000061035156,474.75,475.5,473.2481689453125,168786
2023-12-04,483.0,485.0,475.8999938964844,477.20001220703125,474.94012451171875,38470
2023-12-05,477.3500061035156,483.3500061035156,475.04998779296875,477.0,474.7410583496094,95712
2023-12-06,479.95001220703125,482.0,475.20001220703125,480.3500061035156,478.0751953125,186252
2023-12-07,483.8500061035156,484.29998779296875,477.0,482.75,480.4638366699219,152470
2023-12-08,482.95001220703125,484.95001220703125,472.45001220703125,479.20001220703125,476.9306640625,63758
2023-12-11,481.8500061035156,485.54998779296875,480.0,483.6499938964844,481.35955810546875,39636
2023-12-12,485.3999938964844,485.3999938964844,475.0,476.1000061035156,473.8453369140625,38995
2023-12-13,477.54998779296875,486.0,476.29998779296875,484.8500061035156,482.55389404296875,75425
2023-12-14,486.75,488.0,484.6000061035156,486.8999938964844,484.59417724609375,89196
2023-12-15,487.04998779296875,494.8999938964844,486.8999938964844,492.5,490.16766357421875,191798
2023-12-18,494.79998779296875,494.79998779296875,488.6000061035156,489.6000061035156,487.2814025878906,54487
2023-12-19,490.6499938964844,492.54998779296875,486.70001220703125,488.25,485.93780517578125,36368
2023-12-20,489.1499938964844,490.3500061035156,469.8500061035156,470.79998779296875,468.5704040527344,108732
2023-12-21,463.20001220703125,477.0,463.0,474.3999938964844,472.15338134765625,92352
2023-12-22,484.8500061035156,489.3500061035156,477.6000061035156,486.54998779296875,484.2458190917969,91585
2023-12-26,488.6499938964844,490.25,482.20001220703125,483.6000061035156,481.309814453125,75533
2023-12-27,489.54998779296875,496.1000061035156,487.6499938964844,494.1499938964844,491.8098449707031,191735
2023-12-28,496.54998779296875,507.54998779296875,494.79998779296875,506.1000061035156,503.7032775878906,109882
2023-12-29,509.0,537.0999755859375,506.79998779296875,519.4000244140625,516.9403076171875,460277
2024-01-01,523.6500244140625,531.7999877929688,519.75,525.5499877929688,523.0611572265625,199898
2024-01-02,531.4000244140625,534.7999877929688,516.5,520.2999877929688,517.8359985351562,87258
2024-01-03,520.3499755859375,525.0,515.5,517.9000244140625,515.4473876953125,62411
2024-01-04,528.4500122070312,532.9000244140625,525.7999877929688,529.7000122070312,527.1915283203125,85077
2024-01-05,533.7000122070312,535.75,522.5999755859375,525.8499755859375,523.3596801757812,79589
2024-01-08,530.5,532.0499877929688,523.6500244140625,524.5,522.01611328125,65906
2024-01-09,535.0,537.0,527.7999877929688,531.7000122070312,529.1820068359375,62446
2024-01-10,533.0499877929688,540.4000244140625,527.0,538.5999755859375,536.04931640625,68144
2024-01-11,544.5499877929688,545.5,539.0,543.5,540.9261474609375,74380
2024-01-12,546.9000244140625,546.9000244140625,539.9000244140625,543.5999755859375,541.025634765625,67428
2024-01-15,549.5,549.5,540.0,541.5999755859375,539.0350952148438,69779
2024-01-16,540.9500122070312,550.4500122070312,539.1500244140625,542.3499755859375,539.7815551757812,79293
2024-01-17,538.3499755859375,541.0,534.2999877929688,536.1500244140625,533.6109619140625,58284
2024-01-18,538.7000122070312,546.2999877929688,527.25,544.1500244140625,541.5730590820312,59614
2024-01-19,547.75,547.75,543.2999877929688,545.0999755859375,542.5185546875,34672
2024-01-23,542.5,547.0,526.0,527.0999755859375,524.603759765625,167989
2024-01-24,530.0,539.7000122070312,519.0,536.9500122070312,534.4071655273438,65910
2024-01-25,537.7000122070312,540.7000122070312,531.6500244140625,537.5999755859375,535.0540771484375,42608
2024-01-29,538.5499877929688,567.9000244140625,538.5499877929688,563.4500122070312,560.7816772460938,196965
2024-01-30,567.6500244140625,589.2999877929688,565.0499877929688,572.6500244140625,569.9381103515625,114626
2024-01-31,575.8499755859375,593.5,575.7999877929688,583.8499755859375,581.0850219726562,223513
2024-02-01,594.75,594.75,580.0,581.7000122070312,578.9452514648438,74853
2024-02-02,591.1500244140625,594.9000244140625,584.0999755859375,585.7000122070312,582.9263305664062,112849
2024-02-05,636.5,636.5,610.0,614.7000122070312,611.7890014648438,235516
2024-02-06,621.4500122070312,623.25,614.7000122070312,618.9500122070312,616.0188598632812,60220
2024-02-07,625.2999877929688,625.2999877929688,615.3499755859375,617.75,614.8245239257812,53804
2024-02-08,618.0,621.1500244140625,608.1500244140625,610.4500122070312,607.55908203125,53436
2024-02-09,612.4500122070312,612.4500122070312,597.9000244140625,604.9000244140625,602.035400390625,48041
2024-02-12,605.7000122070312,612.9500122070312,594.0499877929688,598.5999755859375,595.7651977539062,97717
2024-02-13,599.6500244140625,606.0,590.4000244140625,599.5999755859375,596.7604370117188,76493
2024-02-14,593.25,608.9500122070312,592.0,607.75,604.8718872070312,75123
2024-02-15,612.5,615.0,607.0999755859375,609.7999877929688,606.9121704101562,64199
2024-02-16,615.75,629.7000122070312,614.4500122070312,619.9500122070312,617.0140991210938,107966
2024-02-19,624.9500122070312,624.9500122070312,612.25,612.9500122070312,610.0472412109375,34642
2024-02-20,617.5499877929688,617.5499877929688,607.5499877929688,612.3499755859375,609.4500732421875,36607
2024-02-21,613.2999877929688,620.5,606.3499755859375,610.5999755859375,607.7083740234375,43325
2024-02-22,610.0999755859375,617.25,604.8499755859375,616.0,613.0828247070312,54015
2024-02-23,616.2999877929688,619.25,611.0999755859375,615.0999755859375,612.18701171875,65334
2024-02-26,615.0999755859375,622.6500244140625,613.3499755859375,615.4000244140625,612.4856567382812,29763
2024-02-27,619.5999755859375,635.0,616.4000244140625,633.25,630.2510986328125,94242
2024-02-28,639.7999877929688,643.0,626.2000122070312,632.25,629.255859375,246337
2024-02-29,633.0,635.9000244140625,622.2000122070312,632.9500122070312,629.9525756835938,103150
2024-03-01,639.8499755859375,653.5499877929688,635.7999877929688,650.7999877929688,647.718017578125,184327
2024-03-04,663.25,663.9000244140625,654.75,660.0,656.8744506835938,78645
2024-03-05,695.0499877929688,712.9000244140625,672.0,678.0999755859375,674.888671875,444308
2024-03-06,679.9500122070312,684.2999877929688,670.5,678.5,675.2868041992188,61900
2024-03-07,685.3499755859375,694.0,674.5,688.5999755859375,685.3389892578125,67456
2024-03-11,694.9500122070312,694.9500122070312,678.9500122070312,684.0499877929688,680.810546875,48718
2024-03-12,684.9500122070312,688.5,671.0,675.8499755859375,672.6493530273438,33196
2024-03-13,675.8499755859375,679.2999877929688,636.0999755859375,642.3499755859375,639.3079833984375,64143
2024-03-14,640.4500122070312,651.0999755859375,631.1500244140625,641.6500244140625,638.611328125,82092
2024-03-18,620.4000244140625,644.7000122070312,618.5,643.2000122070312,640.1539916992188,82257
2024-03-19,644.8499755859375,644.8499755859375,627.2999877929688,631.5499877929688,628.5591430664062,111120
2024-03-20,634.4500122070312,636.5,603.9500122070312,618.75,615.8197631835938,119507
2024-03-21,628.6500244140625,639.9000244140625,624.0,637.5999755859375,634.5805053710938,45038
2024-03-22,641.0,652.1500244140625,627.0,649.1500244140625,646.0758666992188,20382
2024-03-26,635.9000244140625,657.6500244140625,635.0,651.2999877929688,648.2156372070312,44892
2024-03-27,645.5999755859375,656.2000122070312,645.5999755859375,647.7999877929688,644.732177734375,17784
2024-03-28,652.8499755859375,667.7000122070312,646.75,658.0,654.8839111328125,113549
2024-04-01,659.2000122070312,669.25,653.0,658.75,655.63037109375,88652
2024-04-02,661.2999877929688,667.7000122070312,658.5,664.9500122070312,661.801025390625,23320
2024-04-03,664.9500122070312,672.6500244140625,658.5999755859375,668.2000122070312,665.0355834960938,33036
2024-04-04,674.0,674.0999755859375,662.0499877929688,671.5,668.3199462890625,19911
2024-04-05,670.0,671.0,665.5,668.0999755859375,664.93603515625,57137
2024-04-08,669.9000244140625,673.1500244140625,665.0,670.25,667.0758666992188,23474
2024-04-09,674.75,680.9000244140625,666.0,667.0,663.84130859375,24945
2024-04-10,668.3499755859375,675.6500244140625,668.3499755859375,672.9500122070312,669.7631225585938,28131
2024-04-12,670.5499877929688,679.8499755859375,669.0,670.75,667.5735473632812,92140
2024-04-15,657.2999877929688,666.75,646.0,661.9000244140625,658.7654418945312,36002
2024-04-16,654.25,665.4500122070312,651.2000122070312,657.7000122070312,654.5853271484375,17312
2024-04-18,660.0,666.0,638.0,640.9000244140625,637.8649291992188,29361
2024-04-19,635.0,639.0499877929688,623.2000122070312,637.3499755859375,634.3316650390625,90520
2024-04-22,642.25,649.25,641.75,646.1500244140625,643.0900268554688,63749
2024-04-23,651.5,666.0,647.2000122070312,661.1500244140625,658.0189819335938,56272
2024-04-24,663.9000244140625,667.7999877929688,660.9000244140625,663.9000244140625,660.7559814453125,17625
2024-04-25,666.2999877929688,674.7999877929688,665.4000244140625,671.4500122070312,668.2702026367188,15249
2024-04-26,673.3499755859375,677.7999877929688,669.0,672.4500122070312,669.2655029296875,22509
2024-04-29,678.0999755859375,678.25,671.9500122070312,675.4000244140625,672.2015380859375,12707
2024-04-30,675.0,689.7999877929688,675.0,681.9000244140625,678.6707153320312,28187
2024-05-02,689.1500244140625,697.0,683.0,692.7000122070312,689.4196166992188,43397
2024-05-03,698.75,699.9500122070312,672.75,684.5499877929688,681.3081665039062,38197
2024-05-06,687.4500122070312,689.9000244140625,675.25,683.5999755859375,680.3626708984375,63180
2024-05-07,686.5999755859375,686.5999755859375,659.0,662.4000244140625,659.2630615234375,81148
2024-05-08,663.5499877929688,684.1500244140625,655.5499877929688,680.8499755859375,677.6256713867188,56815
2024-05-09,686.25,701.9500122070312,678.4000244140625,691.8499755859375,688.5735473632812,53880
2024-05-10,694.9000244140625,710.0,693.9500122070312,706.9000244140625,703.5523681640625,52921
2024-05-13,693.2999877929688,693.2999877929688,638.25,645.8499755859375,642.7914428710938,431211
2024-05-14,649.7999877929688,651.8499755859375,641.5,646.4500122070312,643.3886108398438,174670
2024-05-15,650.7999877929688,654.0,636.0,637.75,634.7297973632812,111032
2024-05-16,641.4500122070312,641.4500122070312,618.9500122070312,628.2999877929688,625.3245239257812,179688
2024-05-17,631.0,639.0,631.0,636.4500122070312,633.4359741210938,72301
2024-05-21,649.8499755859375,649.8499755859375,638.25,641.75,638.7108764648438,24231
2024-05-22,642.7000122070312,643.6500244140625,636.0499877929688,638.3499755859375,635.3269653320312,15887
2024-05-23,640.5,649.5,636.7000122070312,648.25,645.1800537109375,25002
2024-05-24,650.7999877929688,654.0,645.0999755859375,647.3499755859375,644.2843017578125,60365
2024-05-27,647.2999877929688,649.9000244140625,639.5,643.2000122070312,640.1539916992188,20929
2024-05-28,643.0,646.8499755859375,631.0,634.3499755859375,631.3458862304688,70609
2024-05-29,633.75,635.8499755859375,629.5999755859375,632.0,629.0070190429688,13851
2024-05-30,629.7000122070312,638.4000244140625,618.5499877929688,620.3499755859375,617.4121704101562,106917
2024-05-31,620.4000244140625,626.8499755859375,615.5999755859375,618.4000244140625,615.471435546875,40153
2024-06-03,633.0999755859375,645.0,626.9000244140625,635.5999755859375,632.5899658203125,53913
2024-06-04,636.25,636.2999877929688,562.0,603.75,600.8908081054688,135483
2024-06-05,618.75,624.9500122070312,592.5999755859375,620.9000244140625,617.9595947265625,159278
2024-06-06,631.1500244140625,632.2999877929688,622.7999877929688,626.25,623.2842407226562,74054
2024-06-07,630.5999755859375,653.9000244140625,623.8499755859375,651.0,647.9170532226562,113946
2024-06-10,656.6500244140625,659.9500122070312,650.4000244140625,654.5999755859375,651.5,21925
2024-06-11,653.9500122070312,670.5499877929688,650.5,665.9000244140625,665.9000244140625,46330
2024-06-12,671.7000122070312,681.9000244140625,666.5,667.9500122070312,667.9500122070312,47727
2024-06-13,671.1500244140625,675.9500122070312,660.5,665.9500122070312,665.9500122070312,74167
2024-06-14,669.25,670.5999755859375,661.4000244140625,667.8499755859375,667.8499755859375,19389
2024-06-18,667.2000122070312,673.2000122070312,659.5999755859375,661.0999755859375,661.0999755859375,24775
2024-06-19,664.25,668.0999755859375,650.8499755859375,652.7000122070312,652.7000122070312,60743
2024-06-20,652.7999877929688,662.5999755859375,652.7000122070312,657.0499877929688,657.0499877929688,15578
2024-06-21,658.5499877929688,659.9000244140625,642.7000122070312,645.0499877929688,645.0499877929688,26945
2024-06-24,645.9500122070312,650.0,638.0,641.75,641.75,23208
2024-06-25,642.5999755859375,645.5499877929688,633.25,639.7000122070312,639.7000122070312,51729
2024-06-26,639.5,645.0,637.1500244140625,638.9500122070312,638.9500122070312,16279
2024-06-27,639.2999877929688,654.5,631.5999755859375,652.6500244140625,652.6500244140625,32537
2024-06-28,653.0,669.9000244140625,652.1500244140625,665.5,665.5,42042
2024-07-01,666.5,679.0,663.5,675.5,675.5,39525
2024-07-02,675.0,675.0,657.6500244140625,659.2999877929688,659.2999877929688,56262
2024-07-03,666.6500244140625,666.6500244140625,655.0,661.1500244140625,661.1500244140625,57637
2024-07-04,664.9500122070312,681.0,661.2000122070312,676.0499877929688,676.0499877929688,58309
2024-07-05,680.0,683.1500244140625,675.5499877929688,678.2999877929688,678.2999877929688,36464
2024-07-08,681.9500122070312,692.7000122070312,680.3499755859375,683.3499755859375,683.3499755859375,38013
2024-07-09,690.0,694.0,683.3499755859375,691.0999755859375,691.0999755859375,32329
2024-07-10,690.3499755859375,693.5,671.0999755859375,681.1500244140625,681.1500244140625,44302
2024-07-11,683.9500122070312,695.1500244140625,683.9500122070312,692.3499755859375,692.3499755859375,24388
2024-07-12,697.25,697.25,690.3499755859375,694.2999877929688,694.2999877929688,19371
2024-07-15,694.7000122070312,702.5,690.9000244140625,699.6500244140625,699.6500244140625,86982
2024-07-16,695.1500244140625,702.7000122070312,695.0,696.7999877929688,696.7999877929688,16690
2024-07-18,696.75,703.5999755859375,687.5499877929688,700.7000122070312,700.7000122070312,117277
2024-07-19,698.9500122070312,699.0,675.7999877929688,677.0499877929688,677.0499877929688,26665
2024-07-22,673.75,688.0,664.0,684.0499877929688,684.0499877929688,92248
2024-07-23,690.0499877929688,690.0499877929688,659.0999755859375,684.0999755859375,684.0999755859375,49768
2024-07-24,684.2000122070312,706.2000122070312,680.1500244140625,701.5,701.5,30953
2024-07-25,701.5,749.5999755859375,697.2000122070312,747.0999755859375,747.0999755859375,169409
2024-07-26,759.9500122070312,767.0999755859375,740.0,763.5499877929688,763.5499877929688,85205
2024-07-29,772.9500122070312,786.2000122070312,765.0,768.2999877929688,768.2999877929688,158563
2024-07-30,768.2999877929688,804.5999755859375,765.2999877929688,793.0,793.0,236870
2024-07-31,799.25,799.25,783.0,792.7000122070312,792.7000122070312,69613
2024-08-01,798.75,802.5499877929688,777.9000244140625,783.4000244140625,783.4000244140625,38010
2024-08-02,774.8499755859375,774.8499755859375,742.0,747.7000122070312,747.7000122070312,77233
2024-08-05,711.25,730.0,696.9500122070312,701.25,701.25,348678
2024-08-06,703.0999755859375,730.5999755859375,695.9000244140625,699.0999755859375,699.0999755859375,68415
2024-08-07,711.0999755859375,720.0,702.0999755859375,709.5499877929688,709.5499877929688,81695
2024-08-08,711.0499877929688,728.25,709.5,716.5,716.5,45680
2024-08-09,725.7999877929688,739.0,721.0999755859375,732.0999755859375,732.0999755859375,100143
2024-08-12,724.0499877929688,739.5999755859375,722.3499755859375,735.4500122070312,735.4500122070312,66472
2024-08-13,732.5999755859375,738.25,721.0999755859375,722.5499877929688,722.5499877929688,32441
2024-08-14,722.9500122070312,730.9000244140625,717.4500122070312,724.7999877929688,724.7999877929688,15460
2024-08-16,727.1500244140625,751.5,727.1500244140625,749.8499755859375,749.8499755859375,53807
2024-08-19,754.0,756.8499755859375,743.7999877929688,749.1500244140625,749.1500244140625,21708
2024-08-20,749.25,756.0,746.2000122070312,749.0,749.0,143517
2024-08-21,750.0,753.6500244140625,744.7999877929688,746.5999755859375,746.5999755859375,92734
2024-08-22,746.0499877929688,747.9000244140625,733.0999755859375,735.5,735.5,86409
2024-08-23,732.9500122070312,755.5,732.9500122070312,748.7000122070312,748.7000122070312,180640
2024-08-26,750.0,762.75,743.2000122070312,754.8499755859375,754.8499755859375,130261
2024-08-27,757.75,758.9000244140625,748.0,749.25,749.25,165973
2024-08-28,751.7999877929688,753.5,743.2999877929688,746.2999877929688,746.2999877929688,177525
2024-08-29,747.3499755859375,774.25,740.5499877929688,765.1500244140625,765.1500244140625,509268
2024-08-30,765.1500244140625,765.1500244140625,765.1500244140625,765.1500244140625,765.1500244140625,0
2024-09-02,765.1500244140625,765.1500244140625,765.1500244140625,765.1500244140625,765.1500244140625,0
2024-09-03,765.1500244140625,765.1500244140625,765.1500244140625,765.1500244140625,765.1500244140625,0
2024-09-04,765.1500244140625,765.1500244140625,765.1500244140625,765.1500244140625,765.1500244140625,0
2024-09-05,765.1500244140625,765.1500244140625,765.1500244140625,765.1500244140625,765.1500244140625,0
2024-09-06,765.1500244140625,765.1500244140625,765.1500244140625,765.1500244140625,765.1500244140625,0
2024-09-09,765.1500244140625,765.1500244140625,765.1500244140625,765.1500244140625,765.1500244140625,0
2024-09-10,765.1500244140625,765.1500244140625,765.1500244140625,765.1500244140625,765.1500244140625,0
2024-09-11,765.1500244140625,765.1500244140625,765.1500244140625,765.1500244140625,765.1500244140625,0
2024-09-12,765.1500244140625,765.1500244140625,765.1500244140625,765.1500244140625,765.1500244140625,0
2024-09-13,765.1500244140625,765.1500244140625,765.1500244140625,765.1500244140625,765.1500244140625,0
2024-09-16,765.1500244140625,765.1500244140625,765.1500244140625,765.1500244140625,765.1500244140625,0
2024-09-17,765.1500244140625,765.1500244140625,765.1500244140625,765.1500244140625,765.1500244140625,0
2024-09-18,765.1500244140625,765.1500244140625,765.1500244140625,765.1500244140625,765.1500244140625,0
2024-09-19,765.1500244140625,765.1500244140625,765.1500244140625,765.1500244140625,765.1500244140625,0
2024-09-20,765.1500244140625,765.1500244140625,765.1500244140625,765.1500244140625,765.1500244140625,0
2024-09-23,765.1500244140625,765.1500244140625,765.1500244140625,765.1500244140625,765.1500244140625,0
2024-09-24,765.1500244140625,765.1500244140625,765.1500244140625,765.1500244140625,765.1500244140625,0
2024-09-25,765.1500244140625,765.1500244140625,765.1500244140625,765.1500244140625,765.1500244140625,0
2024-09-26,765.1500244140625,765.1500244140625,765.1500244140625,765.1500244140625,765.1500244140625,0
2024-09-27,765.1500244140625,765.1500244140625,765.1500244140625,765.1500244140625,765.1500244140625,0
2024-09-30,765.1500244140625,765.1500244140625,765.1500244140625,765.1500244140625,765.1500244140625,0
2024-10-01,765.1500244140625,765.1500244140625,765.1500244140625,765.1500244140625,765.1500244140625,0
2024-10-03,765.1500244140625,765.1500244140625,765.1500244140625,765.1500244140625,765.1500244140625,0
2024-10-04,765.1500244140625,765.1500244140625,765.1500244140625,765.1500244140625,765.1500244140625,0
2024-10-07,765.1500244140625,765.1500244140625,765.1500244140625,765.1500244140625,765.1500244140625,0
2024-10-08,765.1500244140625,765.1500244140625,765.1500244140625,765.1500244140625,765.1500244140625,0
2024-10-09,765.1500244140625,765.1500244140625,765.1500244140625,765.1500244140625,765.1500244140625,0
2024-10-10,765.1500244140625,765.1500244140625,765.1500244140625,765.1500244140625,765.1500244140625,0
2024-10-11,765.1500244140625,765.1500244140625,765.1500244140625,765.1500244140625,765.1500244140625,0
